model,cv_mse_mean,cv_mse_std,n_folds,best_iteration_mean,genuine15_mean,genuine15_std,single5fold_std,fold_mse_list,genuine_fold_mse_list,best_iterations_list,note
lgbm_full,77.033677,2.730661,15,441.6,78.180935,2.839291,3.406009,"[72.760136, 79.313449, 74.149585, 77.589883, 81.355334, 75.843718, 80.842006, 74.549816, 78.187198, 75.745648, 76.424075, 79.474268, 72.569697, 76.577755, 80.122592]","[73.921078, 80.5807, 75.626367, 78.577085, 83.446634, 76.00709, 81.816574, 76.263838, 79.677615, 77.097767, 76.39502, 80.776393, 73.710006, 77.884971, 80.932892]","[426, 440, 395, 442, 509, 634, 391, 380, 412, 358, 567, 386, 403, 473, 408]","lgbm_full = lgbm_num + txt_ridge_pred(nested-OOF) + lexicon(10) (Faz05 FULL base, reports/nlp_ablation.csv 77.0337). txt_ridge TRAIN=oof_txt_ridge.npy / TEST=test_txt_ridge.npy (fold-safe). cv_mse_mean/std = compute_cv_mse(oof) (avg-oof, DoD-4). recency_weighted_oof_mse=87.2663 (private-durust co-headline, review H1). anchor lgbm_num 81.70 -> FULL kapi GECTI (-4.67)."
lgbm_num,81.702394,2.933211,15,399.4,82.885307,2.856585,3.891998,"[76.211396, 85.210126, 78.627759, 82.360633, 86.102057, 81.397671, 84.410925, 78.509532, 82.453759, 81.740084, 81.513199, 83.661124, 77.175564, 80.735651, 85.426432]","[77.961053, 86.713237, 79.349775, 83.622612, 87.783763, 82.537721, 84.331213, 80.433699, 83.55375, 82.392231, 81.826103, 85.020139, 78.563525, 82.67921, 86.511582]","[424, 331, 397, 394, 455, 390, 327, 390, 503, 381, 414, 399, 451, 351, 384]","lgbm_num = sayisal+YIL(ham)+native-kategorik+missing-flag (metin yok; review C1: yillar dahil, eski yilsiz taban 87.91). cv_mse_mean/std = compute_cv_mse(oof) (avg-oof, DoD-4). recency_weighted_oof_mse=92.8154 (private-durust co-headline, review H1). OLCULEN deger downstream 0.25*std tabani. std ~4.7 referansi single5fold_std (SPEC §2); compute_cv_mse std 3-repeat ile dusuktur."
