{
  "interior_intercept": 1351.929990372548,
  "score_weight_sum": 2.032619254082402,
  "score_weight_cv": 1.0415322611144844,
  "noise": {
    "std": 9.76628820952117,
    "skew": -0.2650706962720711,
    "kurt": 1.0357029134532798,
    "het_slope": -0.10064666492245866
  },
  "pearson": 0.721533012724643,
  "spearman": 0.7277187470663061,
  "r2_lin": 0.5206098884514998,
  "r2_x": 0.5206938967989054
}