{
  "wall_rw": 85.49445493657997,
  "blend_uw": 75.75242165056136,
  "near0_count": 838,
  "iso_rw": 84.14066448408857,
  "aff_rw": 85.48801799598681,
  "affine_a": 1.0114785555541257,
  "affine_b": -0.8482097783119039
}