{
  "text_role": {
    "text_only_mse": 148.35485015732078,
    "num_text_mse": 82.9231035473752,
    "residual_std_full": 9.106210695887407
  },
  "tobit": {
    "sigma": 10.399039671215183,
    "insample_mse": 103.05301344600672,
    "ey_at_100": 96.4957674578312
  }
}