{
  "text_on_residual_r2": -0.001993576472980374,
  "additive_mse": 87.29660531121553,
  "hetero_pred_bins": {
    "(40.57, 61.661]": 11.857326746904253,
    "(61.661, 66.596]": 11.093505139498774,
    "(66.596, 70.096]": 10.250686825240157,
    "(70.096, 73.543]": 9.460448427307831,
    "(73.543, 76.709]": 9.444759409793047,
    "(76.709, 80.119]": 8.859060681488577,
    "(80.119, 83.901]": 8.29988124046226,
    "(83.901, 88.05]": 7.694710271515525,
    "(88.05, 93.389]": 7.248667465324544,
    "(93.389, 100.0]": 4.724486884333636
  },
  "best_single_floor_mse": 78.51478714193684,
  "interior_mse": 80.64134473158845,
  "mse_at_100": 45.850451634025376
}