model,cv_mse_mean,cv_mse_std,best_iteration_mean
blend,75.752422,3.023803,0.0
catboost_full,76.302545,2.688119,1133.27
catboost_full_w,77.782137,2.977582,1015.93
histgbr_full,78.093989,2.719122,533.13
lgbm_full,77.033677,2.730661,441.6
lgbm_full_w,78.307989,2.956506,446.07
lgbm_num,81.702394,2.933211,399.4
